{
  "hash": "1a70af73",
  "configHash": "8276d579",
  "lockfileHash": "0b6396c8",
  "browserHash": "4a7fd74e",
  "optimized": {
    "@angular/core": {
      "src": "../../../../../../node_modules/@angular/core/fesm2022/core.mjs",
      "file": "@angular_core.js",
      "fileHash": "3ce6d299",
      "needsInterop": false
    },
    "@angular/platform-browser": {
      "src": "../../../../../../node_modules/@angular/platform-browser/fesm2022/platform-browser.mjs",
      "file": "@angular_platform-browser.js",
      "fileHash": "8b1303f1",
      "needsInterop": false
    },
    "@angular/router": {
      "src": "../../../../../../node_modules/@angular/router/fesm2022/router.mjs",
      "file": "@angular_router.js",
      "fileHash": "6e0c0acf",
      "needsInterop": false
    },
    "zone.js": {
      "src": "../../../../../../node_modules/zone.js/fesm2015/zone.js",
      "file": "zone__js.js",
      "fileHash": "93be7cfd",
      "needsInterop": true
    },
    "@angular/common/http": {
      "src": "../../../../../../node_modules/@angular/common/fesm2022/http.mjs",
      "file": "@angular_common_http.js",
      "fileHash": "e15a50ee",
      "needsInterop": false
    }
  },
  "chunks": {
    "chunk-GLE4EJ7F": {
      "file": "chunk-GLE4EJ7F.js"
    },
    "chunk-QOQUFHOB": {
      "file": "chunk-QOQUFHOB.js"
    },
    "chunk-WQ4PLUOO": {
      "file": "chunk-WQ4PLUOO.js"
    },
    "chunk-WDMUDEB6": {
      "file": "chunk-WDMUDEB6.js"
    }
  }
}